Method,Episode,Return,Cost,Cumulative Cost,Epsilon,Competence_Rho
Conservative,1,-0.54,0.0,0.0,0.05,0.0
Conservative,2,0.82,0.0,0.0,0.05,0.05
Conservative,3,-0.82,273.0,273.0,0.05,0.048
Conservative,4,-0.93,0.0,273.0,0.05,0.045
Conservative,5,-0.01,0.0,273.0,0.05,0.043
Conservative,6,-0.6,0.0,273.0,0.05,0.041
Conservative,7,0.7,0.0,273.0,0.05,0.089
Conservative,8,-0.08,0.0,273.0,0.05,0.084
Conservative,9,-0.22,0.0,273.0,0.05,0.08
Conservative,10,-1.4,0.0,273.0,0.05,0.076
Conservative,11,-0.39,0.0,273.0,0.05,0.072
Conservative,12,-0.25,0.0,273.0,0.05,0.069
Conservative,13,-1.94,90.0,363.0,0.05,0.065
Conservative,14,-1.95,0.0,363.0,0.05,0.062
Conservative,15,-0.65,384.0,747.0,0.05,0.059
Conservative,16,-0.17,0.0,747.0,0.05,0.056
Conservative,17,-3.06,0.0,747.0,0.05,0.053
Conservative,18,-0.08,0.0,747.0,0.05,0.05
Conservative,19,-0.26,0.0,747.0,0.05,0.048
Conservative,20,-1.15,0.0,747.0,0.05,0.046
Conservative,21,-0.79,0.0,747.0,0.05,0.043
Conservative,22,-0.31,227.0,974.0,0.05,0.041
Conservative,23,-0.01,0.0,974.0,0.05,0.039
Conservative,24,0.7,567.0,1541.0,0.05,0.037
Conservative,25,-0.16,0.0,1541.0,0.05,0.035
Conservative,26,-0.16,0.0,1541.0,0.05,0.033
Conservative,27,-0.19,0.0,1541.0,0.05,0.032
Conservative,28,-0.42,0.0,1541.0,0.05,0.03
Conservative,29,-0.31,0.0,1541.0,0.05,0.029
Conservative,30,-0.65,0.0,1541.0,0.05,0.027
Conservative,31,1.36,0.0,1541.0,0.05,0.076
Conservative,32,0.38,0.0,1541.0,0.05,0.122
Conservative,33,-0.69,0.0,1541.0,0.05,0.116
Conservative,34,0.06,0.0,1541.0,0.05,0.16
Conservative,35,-0.3,0.0,1541.0,0.05,0.152
Conservative,36,-1.3,0.0,1541.0,0.05,0.145
Conservative,37,-0.32,0.0,1541.0,0.05,0.137
Conservative,38,2.05,60.0,1601.0,0.05,0.13
Conservative,39,-0.72,52.0,1653.0,0.05,0.124
Conservative,40,-1.71,0.0,1653.0,0.05,0.118
Conservative,41,-0.82,0.0,1653.0,0.05,0.112
Conservative,42,0.17,0.0,1653.0,0.05,0.156
Conservative,43,0.02,0.0,1653.0,0.05,0.198
Conservative,44,0.61,49.0,1702.0,0.05,0.189
Conservative,45,0.55,0.0,1702.0,0.05,0.229
Conservative,46,-1.38,0.0,1702.0,0.05,0.218
Conservative,47,-0.18,0.0,1702.0,0.05,0.207
Conservative,48,-1.2,0.0,1702.0,0.05,0.196
Conservative,49,0.49,0.0,1702.0,0.05,0.237
Conservative,50,-0.1,0.0,1702.0,0.05,0.225
Conservative,51,-0.3,0.0,1702.0,0.05,0.214
Conservative,52,0.38,0.0,1702.0,0.05,0.253
Conservative,53,-0.38,0.0,1702.0,0.05,0.24
Conservative,54,-0.42,0.0,1702.0,0.05,0.228
Conservative,55,0.36,215.0,1917.0,0.05,0.217
Conservative,56,-0.5,0.0,1917.0,0.05,0.206
Conservative,57,-0.01,404.0,2321.0,0.05,0.196
Conservative,58,0.24,250.0,2571.0,0.05,0.186
Conservative,59,-0.16,332.0,2903.0,0.05,0.177
Conservative,60,-0.31,0.0,2903.0,0.05,0.168
Conservative,61,-0.44,0.0,2903.0,0.05,0.159
Conservative,62,-1.44,65.0,2968.0,0.05,0.151
Conservative,63,-1.54,27.0,2995.0,0.05,0.144
Conservative,64,-1.78,0.0,2995.0,0.05,0.137
Conservative,65,-0.01,6.0,3001.0,0.05,0.13
Conservative,66,0.46,152.0,3153.0,0.05,0.123
Conservative,67,-0.39,0.0,3153.0,0.05,0.117
Conservative,68,-0.89,0.0,3153.0,0.05,0.111
Conservative,69,-0.22,231.0,3384.0,0.05,0.106
Conservative,70,0.87,227.0,3611.0,0.05,0.1
Conservative,71,-0.14,0.0,3611.0,0.05,0.095
Conservative,72,-0.85,0.0,3611.0,0.05,0.091
Conservative,73,-0.18,0.0,3611.0,0.05,0.086
Conservative,74,1.57,0.0,3611.0,0.05,0.132
Conservative,75,-0.73,0.0,3611.0,0.05,0.125
Conservative,76,0.3,134.0,3745.0,0.05,0.119
Conservative,77,-0.76,0.0,3745.0,0.05,0.113
Conservative,78,-0.28,0.0,3745.0,0.05,0.107
Conservative,79,-0.31,0.0,3745.0,0.05,0.102
Conservative,80,-0.36,0.0,3745.0,0.05,0.097
Conservative,81,-1.17,0.0,3745.0,0.05,0.092
Conservative,82,-0.87,0.0,3745.0,0.05,0.087
Conservative,83,-0.84,0.0,3745.0,0.05,0.083
Conservative,84,-0.03,79.0,3824.0,0.05,0.079
Conservative,85,-2.23,0.0,3824.0,0.05,0.075
Conservative,86,-0.28,173.0,3997.0,0.05,0.071
Conservative,87,1.8,224.0,4221.0,0.05,0.068
Conservative,88,1.88,0.0,4221.0,0.05,0.114
Conservative,89,0.37,37.0,4258.0,0.05,0.109
Conservative,90,-0.25,0.0,4258.0,0.05,0.103
Conservative,91,0.2,28.0,4286.0,0.05,0.098
Conservative,92,0.19,0.0,4286.0,0.05,0.143
Conservative,93,0.05,0.0,4286.0,0.05,0.186
Conservative,94,-2.18,0.0,4286.0,0.05,0.177
Conservative,95,1.08,0.0,4286.0,0.05,0.218
Conservative,96,-1.11,0.0,4286.0,0.05,0.207
Conservative,97,-0.73,399.0,4685.0,0.05,0.197
Conservative,98,-1.2,328.0,5013.0,0.05,0.187
Conservative,99,-0.81,0.0,5013.0,0.05,0.177
Conservative,100,1.66,0.0,5013.0,0.05,0.219
Conservative,101,-1.22,0.0,5013.0,0.05,0.208
Conservative,102,-0.28,0.0,5013.0,0.05,0.197
Conservative,103,-0.15,0.0,5013.0,0.05,0.187
Conservative,104,-0.64,84.0,5097.0,0.05,0.178
Conservative,105,-1.23,0.0,5097.0,0.05,0.169
Conservative,106,-0.08,0.0,5097.0,0.05,0.161
Conservative,107,0.32,0.0,5097.0,0.05,0.203
Conservative,108,0.59,235.0,5332.0,0.05,0.192
Conservative,109,0.04,55.0,5387.0,0.05,0.183
Conservative,110,-0.02,0.0,5387.0,0.05,0.174
Conservative,111,-0.28,12.0,5399.0,0.05,0.165
Conservative,112,-0.81,0.0,5399.0,0.05,0.157
Conservative,113,-0.05,0.0,5399.0,0.05,0.149
Conservative,114,2.78,0.0,5399.0,0.05,0.191
Conservative,115,-0.87,174.0,5573.0,0.05,0.182
Conservative,116,-0.24,0.0,5573.0,0.05,0.173
Conservative,117,-0.66,106.0,5679.0,0.05,0.164
Conservative,118,-1.92,0.0,5679.0,0.05,0.156
Conservative,119,-0.21,633.0,6312.0,0.05,0.148
Conservative,120,-0.39,0.0,6312.0,0.05,0.141
Conservative,121,-1.46,96.0,6408.0,0.05,0.134
Conservative,122,2.29,184.0,6592.0,0.05,0.127
Conservative,123,0.92,46.0,6638.0,0.05,0.121
Conservative,124,0.06,0.0,6638.0,0.05,0.165
Conservative,125,-0.84,0.0,6638.0,0.05,0.156
Conservative,126,-0.33,0.0,6638.0,0.05,0.149
Conservative,127,-0.39,0.0,6638.0,0.05,0.141
Conservative,128,0.13,130.0,6768.0,0.05,0.134
Conservative,129,0.4,0.0,6768.0,0.05,0.177
Conservative,130,-0.0,0.0,6768.0,0.05,0.169
Conservative,131,-1.44,0.0,6768.0,0.05,0.16
Conservative,132,-0.13,0.0,6768.0,0.05,0.152
Conservative,133,0.56,0.0,6768.0,0.05,0.194
Conservative,134,0.18,0.0,6768.0,0.05,0.235
Conservative,135,-0.15,0.0,6768.0,0.05,0.223
Conservative,136,1.57,0.0,6768.0,0.05,0.262
Conservative,137,-0.32,0.0,6768.0,0.05,0.249
Conservative,138,-0.71,0.0,6768.0,0.05,0.236
Conservative,139,0.0,54.0,6822.0,0.05,0.225
Conservative,140,0.57,0.0,6822.0,0.05,0.263
Conservative,141,-1.13,0.0,6822.0,0.05,0.25
Conservative,142,-1.14,0.0,6822.0,0.05,0.238
Conservative,143,-0.76,0.0,6822.0,0.05,0.226
Conservative,144,-0.62,159.0,6981.0,0.05,0.214
Conservative,145,2.65,0.0,6981.0,0.05,0.254
Conservative,146,0.25,0.0,6981.0,0.05,0.291
Conservative,147,2.42,105.0,7086.0,0.05,0.277
Conservative,148,-0.26,0.0,7086.0,0.05,0.263
Conservative,149,0.47,358.0,7444.0,0.05,0.25
Conservative,150,-0.81,0.0,7444.0,0.05,0.237
Conservative,151,-0.48,0.0,7444.0,0.05,0.225
Conservative,152,1.48,184.0,7628.0,0.05,0.214
Conservative,153,-0.22,269.0,7897.0,0.05,0.203
Conservative,154,0.49,450.0,8347.0,0.05,0.193
Conservative,155,-1.02,0.0,8347.0,0.05,0.183
Conservative,156,-1.16,0.0,8347.0,0.05,0.174
Conservative,157,0.49,256.0,8603.0,0.05,0.166
Conservative,158,1.29,74.0,8677.0,0.05,0.157
Conservative,159,3.2,153.0,8830.0,0.05,0.149
Conservative,160,1.05,0.0,8830.0,0.05,0.192
Conservative,161,-0.66,84.0,8914.0,0.05,0.182
Conservative,162,-0.91,0.0,8914.0,0.05,0.173
Conservative,163,-0.38,79.0,8993.0,0.05,0.165
Conservative,164,-1.5,0.0,8993.0,0.05,0.156
Conservative,165,1.81,0.0,8993.0,0.05,0.199
Conservative,166,0.86,284.0,9277.0,0.05,0.189
Conservative,167,-0.15,0.0,9277.0,0.05,0.179
Conservative,168,1.21,0.0,9277.0,0.05,0.22
Conservative,169,1.04,111.0,9388.0,0.05,0.209
Conservative,170,0.14,0.0,9388.0,0.05,0.249
Conservative,171,0.17,233.0,9621.0,0.05,0.236
Conservative,172,0.1,0.0,9621.0,0.05,0.274
Conservative,173,0.34,0.0,9621.0,0.05,0.311
Conservative,174,-0.36,0.0,9621.0,0.05,0.295
Conservative,175,-0.08,0.0,9621.0,0.05,0.28
Conservative,176,0.91,0.0,9621.0,0.05,0.316
Conservative,177,-0.4,0.0,9621.0,0.05,0.301
Conservative,178,0.28,0.0,9621.0,0.05,0.336
Conservative,179,0.52,0.0,9621.0,0.05,0.369
Conservative,180,2.0,143.0,9764.0,0.05,0.35
Conservative,181,-0.05,406.0,10170.0,0.05,0.333
Conservative,182,0.04,0.0,10170.0,0.05,0.366
Conservative,183,-0.26,0.0,10170.0,0.05,0.348
Conservative,184,-0.82,0.0,10170.0,0.05,0.33
Conservative,185,-0.02,0.0,10170.0,0.05,0.314
Conservative,186,0.92,0.0,10170.0,0.05,0.348
Conservative,187,-0.97,0.0,10170.0,0.05,0.331
Conservative,188,-0.21,562.0,10732.0,0.05,0.314
Conservative,189,-0.19,0.0,10732.0,0.05,0.299
Conservative,190,-0.1,0.0,10732.0,0.05,0.284
Conservative,191,0.91,507.0,11239.0,0.05,0.269
Conservative,192,-0.12,173.0,11412.0,0.05,0.256
Conservative,193,1.13,28.0,11440.0,0.05,0.243
Conservative,194,1.48,0.0,11440.0,0.05,0.281
Conservative,195,0.98,81.0,11521.0,0.05,0.267
Conservative,196,-0.52,0.0,11521.0,0.05,0.254
Conservative,197,0.38,0.0,11521.0,0.05,0.291
Conservative,198,-0.69,22.0,11543.0,0.05,0.276
Conservative,199,0.42,0.0,11543.0,0.05,0.313
Conservative,200,0.23,0.0,11543.0,0.05,0.347
Conservative,201,-1.84,318.0,11861.0,0.05,0.33
Conservative,202,-0.31,0.0,11861.0,0.05,0.313
Conservative,203,-0.29,0.0,11861.0,0.05,0.297
Conservative,204,-0.29,0.0,11861.0,0.05,0.283
Conservative,205,-0.17,0.0,11861.0,0.05,0.268
Conservative,206,-0.89,354.0,12215.0,0.05,0.255
Conservative,207,0.47,258.0,12473.0,0.05,0.242
Conservative,208,0.19,0.0,12473.0,0.05,0.28
Conservative,209,-0.1,0.0,12473.0,0.05,0.266
Conservative,210,-1.56,133.0,12606.0,0.05,0.253
Conservative,211,-1.78,0.0,12606.0,0.05,0.24
Conservative,212,-0.57,0.0,12606.0,0.05,0.228
Conservative,213,-0.27,44.0,12650.0,0.05,0.217
Conservative,214,-2.09,21.0,12671.0,0.05,0.206
Conservative,215,0.13,0.0,12671.0,0.05,0.246
Conservative,216,0.26,156.0,12827.0,0.05,0.233
Conservative,217,-0.17,0.0,12827.0,0.05,0.222
Conservative,218,-0.73,0.0,12827.0,0.05,0.211
Conservative,219,-0.4,104.0,12931.0,0.05,0.2
Conservative,220,-0.25,0.0,12931.0,0.05,0.19
Conservative,221,-0.7,361.0,13292.0,0.05,0.181
Conservative,222,0.79,62.0,13354.0,0.05,0.172
Conservative,223,-0.26,0.0,13354.0,0.05,0.163
Conservative,224,-0.4,0.0,13354.0,0.05,0.155
Conservative,225,-1.06,128.0,13482.0,0.05,0.147
Conservative,226,-0.49,0.0,13482.0,0.05,0.14
Conservative,227,0.08,0.0,13482.0,0.05,0.183
Conservative,228,0.64,0.0,13482.0,0.05,0.224
Conservative,229,-0.0,0.0,13482.0,0.05,0.212
Conservative,230,-0.23,0.0,13482.0,0.05,0.202
Conservative,231,-1.04,0.0,13482.0,0.05,0.192
Conservative,232,0.34,0.0,13482.0,0.05,0.232
Conservative,233,0.78,158.0,13640.0,0.05,0.221
Conservative,234,0.33,134.0,13774.0,0.05,0.209
Conservative,235,-0.67,0.0,13774.0,0.05,0.199
Conservative,236,0.24,0.0,13774.0,0.05,0.239
Conservative,237,-0.22,0.0,13774.0,0.05,0.227
Conservative,238,-1.55,0.0,13774.0,0.05,0.216
Conservative,239,-0.32,0.0,13774.0,0.05,0.205
Conservative,240,-0.23,0.0,13774.0,0.05,0.195
Conservative,241,0.45,0.0,13774.0,0.05,0.235
Conservative,242,-0.12,31.0,13805.0,0.05,0.223
Conservative,243,-0.45,0.0,13805.0,0.05,0.212
Conservative,244,-0.39,350.0,14155.0,0.05,0.201
Conservative,245,0.51,49.0,14204.0,0.05,0.191
Conservative,246,-0.99,67.0,14271.0,0.05,0.182
Conservative,247,0.88,0.0,14271.0,0.05,0.223
Conservative,248,-0.34,0.0,14271.0,0.05,0.212
Conservative,249,-0.14,296.0,14567.0,0.05,0.201
Conservative,250,0.11,0.0,14567.0,0.05,0.241
ASM-Sigmoid,1,-1.46,0.0,0.0,0.05,0.0
ASM-Sigmoid,2,-0.9,0.0,0.0,0.05,0.0
ASM-Sigmoid,3,-0.19,171.0,171.0,0.05,0.0
ASM-Sigmoid,4,0.26,0.0,171.0,0.05,0.05
ASM-Sigmoid,5,-0.07,0.0,171.0,0.05,0.048
ASM-Sigmoid,6,0.37,293.0,464.0,0.05,0.045
ASM-Sigmoid,7,0.12,0.0,464.0,0.05,0.093
ASM-Sigmoid,8,-0.22,0.0,464.0,0.05,0.088
ASM-Sigmoid,9,-0.42,0.0,464.0,0.05,0.084
ASM-Sigmoid,10,-0.38,0.0,464.0,0.05,0.08
ASM-Sigmoid,11,0.38,96.0,560.0,0.05,0.076
ASM-Sigmoid,12,0.05,0.0,560.0,0.05,0.122
ASM-Sigmoid,13,-0.97,0.0,560.0,0.05,0.116
ASM-Sigmoid,14,-0.73,0.0,560.0,0.05,0.11
ASM-Sigmoid,15,-0.1,0.0,560.0,0.05,0.104
ASM-Sigmoid,16,-0.15,0.0,560.0,0.05,0.099
ASM-Sigmoid,17,1.6,0.0,560.0,0.05,0.144
ASM-Sigmoid,18,-0.3,0.0,560.0,0.05,0.137
ASM-Sigmoid,19,-0.06,0.0,560.0,0.05,0.13
ASM-Sigmoid,20,-0.78,0.0,560.0,0.05,0.124
ASM-Sigmoid,21,-0.48,0.0,560.0,0.05,0.118
ASM-Sigmoid,22,0.53,0.0,560.0,0.05,0.162
ASM-Sigmoid,23,0.2,0.0,560.0,0.05,0.204
ASM-Sigmoid,24,-0.18,0.0,560.0,0.05,0.193
ASM-Sigmoid,25,0.13,0.0,560.0,0.05,0.234
ASM-Sigmoid,26,-0.53,0.0,560.0,0.05,0.222
ASM-Sigmoid,27,-0.69,0.0,560.0,0.05,0.211
ASM-Sigmoid,28,-0.46,104.0,664.0,0.05,0.2
ASM-Sigmoid,29,0.02,379.0,1043.0,0.05,0.19
ASM-Sigmoid,30,3.75,0.0,1043.0,0.05,0.231
ASM-Sigmoid,31,-0.46,0.0,1043.0,0.05,0.219
ASM-Sigmoid,32,-0.8,0.0,1043.0,0.05,0.208
ASM-Sigmoid,33,-0.18,0.0,1043.0,0.05,0.198
ASM-Sigmoid,34,-0.97,59.0,1102.0,0.05,0.188
ASM-Sigmoid,35,1.15,0.0,1102.0,0.05,0.229
ASM-Sigmoid,36,-0.11,0.0,1102.0,0.05,0.217
ASM-Sigmoid,37,-0.47,0.0,1102.0,0.05,0.206
ASM-Sigmoid,38,-1.17,0.0,1102.0,0.05,0.196
ASM-Sigmoid,39,-0.18,0.0,1102.0,0.05,0.186
ASM-Sigmoid,40,-0.79,291.0,1393.0,0.05,0.177
ASM-Sigmoid,41,-0.28,0.0,1393.0,0.05,0.168
ASM-Sigmoid,42,0.06,0.0,1393.0,0.05,0.21
ASM-Sigmoid,43,0.33,0.0,1393.0,0.05,0.249
ASM-Sigmoid,44,-0.93,0.0,1393.0,0.05,0.237
ASM-Sigmoid,45,-1.84,256.0,1649.0,0.05,0.225
ASM-Sigmoid,46,-0.8,67.0,1716.0,0.05,0.214
ASM-Sigmoid,47,-0.1,0.0,1716.0,0.05,0.203
ASM-Sigmoid,48,-0.39,0.0,1716.0,0.05,0.193
ASM-Sigmoid,49,-0.51,0.0,1716.0,0.05,0.183
ASM-Sigmoid,50,1.87,0.0,1716.0,0.05,0.224
ASM-Sigmoid,51,-0.09,93.0,1809.0,0.06,0.213
ASM-Sigmoid,52,0.06,71.0,1880.0,0.059,0.202
ASM-Sigmoid,53,1.67,0.0,1880.0,0.058,0.242
ASM-Sigmoid,54,0.14,0.0,1880.0,0.062,0.28
ASM-Sigmoid,55,0.22,0.0,1880.0,0.068,0.316
ASM-Sigmoid,56,0.66,0.0,1880.0,0.075,0.35
ASM-Sigmoid,57,-0.15,0.0,1880.0,0.084,0.333
ASM-Sigmoid,58,-0.99,0.0,1880.0,0.079,0.316
ASM-Sigmoid,59,-0.34,0.0,1880.0,0.075,0.3
ASM-Sigmoid,60,0.38,0.0,1880.0,0.071,0.335
ASM-Sigmoid,61,1.41,0.0,1880.0,0.08,0.368
ASM-Sigmoid,62,0.26,34.0,1914.0,0.09,0.35
ASM-Sigmoid,63,-0.65,0.0,1914.0,0.084,0.333
ASM-Sigmoid,64,-0.49,0.0,1914.0,0.079,0.316
ASM-Sigmoid,65,-0.39,127.0,2041.0,0.075,0.3
ASM-Sigmoid,66,-0.79,0.0,2041.0,0.071,0.285
ASM-Sigmoid,67,-0.28,0.0,2041.0,0.069,0.271
ASM-Sigmoid,68,-0.12,0.0,2041.0,0.066,0.257
ASM-Sigmoid,69,1.53,0.0,2041.0,0.064,0.294
ASM-Sigmoid,70,0.59,23.0,2064.0,0.07,0.28
ASM-Sigmoid,71,-0.07,0.0,2064.0,0.068,0.266
ASM-Sigmoid,72,0.94,47.0,2111.0,0.065,0.252
ASM-Sigmoid,73,-0.73,0.0,2111.0,0.064,0.24
ASM-Sigmoid,74,1.27,0.0,2111.0,0.062,0.278
ASM-Sigmoid,75,1.14,216.0,2327.0,0.067,0.264
ASM-Sigmoid,76,-0.09,0.0,2327.0,0.065,0.251
ASM-Sigmoid,77,-0.88,0.0,2327.0,0.063,0.238
ASM-Sigmoid,78,-2.34,0.0,2327.0,0.062,0.226
ASM-Sigmoid,79,-0.29,0.0,2327.0,0.06,0.215
ASM-Sigmoid,80,-0.48,0.0,2327.0,0.059,0.204
ASM-Sigmoid,81,1.58,104.0,2431.0,0.058,0.194
ASM-Sigmoid,82,-0.27,0.0,2431.0,0.058,0.184
ASM-Sigmoid,83,-0.26,202.0,2633.0,0.057,0.175
ASM-Sigmoid,84,-0.99,0.0,2633.0,0.056,0.166
ASM-Sigmoid,85,1.84,114.0,2747.0,0.056,0.158
ASM-Sigmoid,86,-1.48,0.0,2747.0,0.055,0.15
ASM-Sigmoid,87,0.97,0.0,2747.0,0.055,0.193
ASM-Sigmoid,88,0.58,0.0,2747.0,0.058,0.233
ASM-Sigmoid,89,-0.39,284.0,3031.0,0.061,0.221
ASM-Sigmoid,90,0.3,0.0,3031.0,0.06,0.26
ASM-Sigmoid,91,0.38,0.0,3031.0,0.065,0.297
ASM-Sigmoid,92,0.55,23.0,3054.0,0.071,0.282
ASM-Sigmoid,93,-0.19,0.0,3054.0,0.068,0.268
ASM-Sigmoid,94,1.34,0.0,3054.0,0.066,0.305
ASM-Sigmoid,95,-0.09,246.0,3300.0,0.072,0.29
ASM-Sigmoid,96,-0.27,0.0,3300.0,0.069,0.275
ASM-Sigmoid,97,-0.29,0.0,3300.0,0.067,0.261
ASM-Sigmoid,98,0.07,0.0,3300.0,0.065,0.298
ASM-Sigmoid,99,-0.93,0.0,3300.0,0.071,0.283
ASM-Sigmoid,100,0.02,0.0,3300.0,0.068,0.319
ASM-Sigmoid,101,-0.6,0.0,3300.0,0.076,0.303
ASM-Sigmoid,102,0.49,0.0,3300.0,0.072,0.338
ASM-Sigmoid,103,-0.64,0.0,3300.0,0.081,0.321
ASM-Sigmoid,104,0.32,515.0,3815.0,0.076,0.305
ASM-Sigmoid,105,2.2,215.0,4030.0,0.072,0.29
ASM-Sigmoid,106,-1.09,0.0,4030.0,0.069,0.275
ASM-Sigmoid,107,-1.66,0.0,4030.0,0.067,0.262
ASM-Sigmoid,108,-0.54,0.0,4030.0,0.065,0.249
ASM-Sigmoid,109,-0.44,178.0,4208.0,0.063,0.236
ASM-Sigmoid,110,-0.35,0.0,4208.0,0.062,0.224
ASM-Sigmoid,111,-2.05,0.0,4208.0,0.06,0.213
ASM-Sigmoid,112,-0.61,0.0,4208.0,0.059,0.202
ASM-Sigmoid,113,-0.65,0.0,4208.0,0.058,0.192
ASM-Sigmoid,114,-0.23,0.0,4208.0,0.058,0.183
ASM-Sigmoid,115,1.48,0.0,4208.0,0.057,0.224
ASM-Sigmoid,116,0.49,0.0,4208.0,0.06,0.262
ASM-Sigmoid,117,-1.05,0.0,4208.0,0.065,0.249
ASM-Sigmoid,118,0.16,0.0,4208.0,0.063,0.287
ASM-Sigmoid,119,-0.18,0.0,4208.0,0.069,0.272
ASM-Sigmoid,120,0.77,0.0,4208.0,0.066,0.309
ASM-Sigmoid,121,0.68,0.0,4208.0,0.073,0.343
ASM-Sigmoid,122,1.49,0.0,4208.0,0.082,0.376
ASM-Sigmoid,123,-1.3,0.0,4208.0,0.093,0.357
ASM-Sigmoid,124,-1.0,0.0,4208.0,0.087,0.34
ASM-Sigmoid,125,-1.08,0.0,4208.0,0.081,0.323
ASM-Sigmoid,126,0.09,0.0,4208.0,0.076,0.356
ASM-Sigmoid,127,0.93,7.0,4215.0,0.086,0.339
ASM-Sigmoid,128,0.04,0.0,4215.0,0.081,0.372
ASM-Sigmoid,129,0.01,0.0,4215.0,0.092,0.403
ASM-Sigmoid,130,2.61,61.0,4276.0,0.105,0.383
ASM-Sigmoid,131,-0.02,0.0,4276.0,0.096,0.364
ASM-Sigmoid,132,-0.85,0.0,4276.0,0.089,0.346
ASM-Sigmoid,133,1.44,0.0,4276.0,0.083,0.378
ASM-Sigmoid,134,0.28,75.0,4351.0,0.094,0.359
ASM-Sigmoid,135,-0.23,0.0,4351.0,0.087,0.341
ASM-Sigmoid,136,-0.51,77.0,4428.0,0.082,0.324
ASM-Sigmoid,137,0.07,219.0,4647.0,0.077,0.308
ASM-Sigmoid,138,0.23,0.0,4647.0,0.073,0.343
ASM-Sigmoid,139,-1.74,0.0,4647.0,0.082,0.326
ASM-Sigmoid,140,-0.62,0.0,4647.0,0.077,0.309
ASM-Sigmoid,141,-0.91,115.0,4762.0,0.073,0.294
ASM-Sigmoid,142,-0.19,236.0,4998.0,0.07,0.279
ASM-Sigmoid,143,-0.95,0.0,4998.0,0.067,0.265
ASM-Sigmoid,144,-1.38,0.0,4998.0,0.065,0.252
ASM-Sigmoid,145,-0.22,0.0,4998.0,0.063,0.239
ASM-Sigmoid,146,0.3,0.0,4998.0,0.062,0.277
ASM-Sigmoid,147,-1.58,56.0,5054.0,0.067,0.264
ASM-Sigmoid,148,0.66,178.0,5232.0,0.065,0.25
ASM-Sigmoid,149,-0.45,23.0,5255.0,0.063,0.238
ASM-Sigmoid,150,1.3,0.0,5255.0,0.062,0.276
ASM-Sigmoid,151,1.33,0.0,5255.0,0.067,0.312
ASM-Sigmoid,152,0.23,0.0,5255.0,0.074,0.347
ASM-Sigmoid,153,-0.0,0.0,5255.0,0.083,0.329
ASM-Sigmoid,154,-1.06,0.0,5255.0,0.078,0.313
ASM-Sigmoid,155,0.52,26.0,5281.0,0.074,0.297
ASM-Sigmoid,156,-0.52,0.0,5281.0,0.071,0.282
ASM-Sigmoid,157,-1.15,58.0,5339.0,0.068,0.268
ASM-Sigmoid,158,-0.01,0.0,5339.0,0.066,0.255
ASM-Sigmoid,159,-1.18,0.0,5339.0,0.064,0.242
ASM-Sigmoid,160,1.78,0.0,5339.0,0.062,0.28
ASM-Sigmoid,161,-0.39,132.0,5471.0,0.068,0.266
ASM-Sigmoid,162,-0.34,179.0,5650.0,0.065,0.253
ASM-Sigmoid,163,0.22,108.0,5758.0,0.064,0.24
ASM-Sigmoid,164,-0.06,0.0,5758.0,0.062,0.228
ASM-Sigmoid,165,0.78,328.0,6086.0,0.061,0.217
ASM-Sigmoid,166,-0.46,0.0,6086.0,0.06,0.206
ASM-Sigmoid,167,-0.85,0.0,6086.0,0.059,0.195
ASM-Sigmoid,168,-2.56,0.0,6086.0,0.058,0.186
ASM-Sigmoid,169,-2.38,0.0,6086.0,0.057,0.176
ASM-Sigmoid,170,-0.83,0.0,6086.0,0.056,0.168
ASM-Sigmoid,171,-2.44,113.0,6199.0,0.056,0.159
ASM-Sigmoid,172,-0.37,127.0,6326.0,0.055,0.151
ASM-Sigmoid,173,-0.8,0.0,6326.0,0.055,0.144
ASM-Sigmoid,174,-0.2,0.0,6326.0,0.055,0.136
ASM-Sigmoid,175,-1.16,0.0,6326.0,0.054,0.13
ASM-Sigmoid,176,-0.43,0.0,6326.0,0.054,0.123
ASM-Sigmoid,177,-0.1,252.0,6578.0,0.054,0.117
ASM-Sigmoid,178,0.51,131.0,6709.0,0.054,0.111
ASM-Sigmoid,179,-0.81,116.0,6825.0,0.053,0.106
ASM-Sigmoid,180,-0.14,72.0,6897.0,0.053,0.1
ASM-Sigmoid,181,0.65,0.0,6897.0,0.053,0.145
ASM-Sigmoid,182,0.23,145.0,7042.0,0.055,0.138
ASM-Sigmoid,183,-0.43,3.0,7045.0,0.054,0.131
ASM-Sigmoid,184,-0.2,0.0,7045.0,0.054,0.125
ASM-Sigmoid,185,-0.86,0.0,7045.0,0.054,0.118
ASM-Sigmoid,186,-2.35,47.0,7092.0,0.054,0.112
ASM-Sigmoid,187,0.22,0.0,7092.0,0.053,0.157
ASM-Sigmoid,188,-0.82,17.0,7109.0,0.055,0.149
ASM-Sigmoid,189,-0.45,0.0,7109.0,0.055,0.142
ASM-Sigmoid,190,0.21,0.0,7109.0,0.055,0.184
ASM-Sigmoid,191,0.3,0.0,7109.0,0.057,0.225
ASM-Sigmoid,192,-0.37,0.0,7109.0,0.06,0.214
ASM-Sigmoid,193,-0.38,25.0,7134.0,0.059,0.203
ASM-Sigmoid,194,-0.04,0.0,7134.0,0.058,0.193
ASM-Sigmoid,195,-0.06,0.0,7134.0,0.058,0.183
ASM-Sigmoid,196,0.08,0.0,7134.0,0.057,0.224
ASM-Sigmoid,197,0.44,0.0,7134.0,0.06,0.263
ASM-Sigmoid,198,0.16,71.0,7205.0,0.065,0.25
ASM-Sigmoid,199,1.89,215.0,7420.0,0.063,0.237
ASM-Sigmoid,200,-1.24,0.0,7420.0,0.062,0.226
ASM-Sigmoid,201,0.59,0.0,7420.0,0.06,0.264
ASM-Sigmoid,202,-1.05,0.0,7420.0,0.065,0.251
ASM-Sigmoid,203,-0.29,0.0,7420.0,0.063,0.239
ASM-Sigmoid,204,0.49,0.0,7420.0,0.062,0.277
ASM-Sigmoid,205,-1.39,0.0,7420.0,0.067,0.263
ASM-Sigmoid,206,0.41,0.0,7420.0,0.065,0.3
ASM-Sigmoid,207,0.14,0.0,7420.0,0.071,0.335
ASM-Sigmoid,208,0.34,0.0,7420.0,0.08,0.368
ASM-Sigmoid,209,-0.2,0.0,7420.0,0.09,0.35
ASM-Sigmoid,210,0.28,295.0,7715.0,0.084,0.332
ASM-Sigmoid,211,-0.03,68.0,7783.0,0.079,0.315
ASM-Sigmoid,212,0.18,0.0,7783.0,0.075,0.35
ASM-Sigmoid,213,0.29,216.0,7999.0,0.084,0.332
ASM-Sigmoid,214,-0.03,56.0,8055.0,0.079,0.316
ASM-Sigmoid,215,-0.32,0.0,8055.0,0.075,0.3
ASM-Sigmoid,216,0.26,0.0,8055.0,0.071,0.335
ASM-Sigmoid,217,1.32,0.0,8055.0,0.08,0.368
ASM-Sigmoid,218,-0.62,114.0,8169.0,0.09,0.35
ASM-Sigmoid,219,0.42,0.0,8169.0,0.084,0.382
ASM-Sigmoid,220,0.49,0.0,8169.0,0.096,0.413
ASM-Sigmoid,221,1.49,0.0,8169.0,0.11,0.442
ASM-Sigmoid,222,-0.09,0.0,8169.0,0.127,0.42
ASM-Sigmoid,223,-0.53,0.0,8169.0,0.114,0.399
ASM-Sigmoid,224,-0.7,0.0,8169.0,0.103,0.379
ASM-Sigmoid,225,-0.43,0.0,8169.0,0.095,0.36
ASM-Sigmoid,226,-1.06,13.0,8182.0,0.088,0.342
ASM-Sigmoid,227,-1.99,0.0,8182.0,0.082,0.325
ASM-Sigmoid,228,-2.3,0.0,8182.0,0.077,0.309
ASM-Sigmoid,229,2.63,62.0,8244.0,0.073,0.294
ASM-Sigmoid,230,-0.43,0.0,8244.0,0.07,0.279
ASM-Sigmoid,231,-0.21,0.0,8244.0,0.067,0.265
ASM-Sigmoid,232,-0.31,213.0,8457.0,0.065,0.252
ASM-Sigmoid,233,-0.15,0.0,8457.0,0.063,0.239
ASM-Sigmoid,234,-0.23,0.0,8457.0,0.062,0.227
ASM-Sigmoid,235,1.17,0.0,8457.0,0.061,0.266
ASM-Sigmoid,236,0.62,0.0,8457.0,0.065,0.302
ASM-Sigmoid,237,-1.45,0.0,8457.0,0.072,0.287
ASM-Sigmoid,238,3.06,0.0,8457.0,0.069,0.323
ASM-Sigmoid,239,-0.42,136.0,8593.0,0.077,0.307
ASM-Sigmoid,240,-0.84,102.0,8695.0,0.073,0.291
ASM-Sigmoid,241,0.37,148.0,8843.0,0.07,0.277
ASM-Sigmoid,242,0.7,88.0,8931.0,0.067,0.263
ASM-Sigmoid,243,-0.18,0.0,8931.0,0.065,0.25
ASM-Sigmoid,244,-0.63,64.0,8995.0,0.063,0.237
ASM-Sigmoid,245,0.92,0.0,8995.0,0.062,0.276
ASM-Sigmoid,246,-1.91,0.0,8995.0,0.067,0.262
ASM-Sigmoid,247,0.52,0.0,8995.0,0.065,0.299
ASM-Sigmoid,248,0.81,61.0,9056.0,0.071,0.284
ASM-Sigmoid,249,0.22,0.0,9056.0,0.068,0.32
ASM-Sigmoid,250,0.38,0.0,9056.0,0.076,0.354
Aggressive,1,0.84,0.0,0.0,0.5,0.05
Aggressive,2,-0.5,0.0,0.0,0.5,0.048
Aggressive,3,-1.09,0.0,0.0,0.5,0.045
Aggressive,4,-1.13,0.0,0.0,0.5,0.043
Aggressive,5,-0.4,0.0,0.0,0.5,0.041
Aggressive,6,-0.26,150.0,150.0,0.5,0.039
Aggressive,7,0.34,19.0,169.0,0.5,0.037
Aggressive,8,0.25,0.0,169.0,0.5,0.085
Aggressive,9,-0.17,40.0,209.0,0.5,0.081
Aggressive,10,0.32,0.0,209.0,0.5,0.127
Aggressive,11,0.34,0.0,209.0,0.5,0.17
Aggressive,12,-0.09,0.0,209.0,0.5,0.162
Aggressive,13,-0.09,0.0,209.0,0.5,0.154
Aggressive,14,-0.07,206.0,415.0,0.5,0.146
Aggressive,15,-0.6,0.0,415.0,0.5,0.139
Aggressive,16,0.17,55.0,470.0,0.5,0.132
Aggressive,17,0.66,45.0,515.0,0.5,0.125
Aggressive,18,-0.3,310.0,825.0,0.5,0.119
Aggressive,19,-0.17,0.0,825.0,0.5,0.113
Aggressive,20,-0.35,0.0,825.0,0.5,0.107
Aggressive,21,-0.31,0.0,825.0,0.5,0.102
Aggressive,22,-0.92,0.0,825.0,0.5,0.097
Aggressive,23,-0.39,0.0,825.0,0.5,0.092
Aggressive,24,0.29,0.0,825.0,0.5,0.137
Aggressive,25,-0.79,0.0,825.0,0.5,0.131
Aggressive,26,0.42,0.0,825.0,0.5,0.174
Aggressive,27,-0.7,0.0,825.0,0.5,0.165
Aggressive,28,0.15,0.0,825.0,0.5,0.207
Aggressive,29,-0.59,19.0,844.0,0.5,0.197
Aggressive,30,0.22,0.0,844.0,0.5,0.237
Aggressive,31,0.33,0.0,844.0,0.5,0.275
Aggressive,32,0.43,318.0,1162.0,0.5,0.261
Aggressive,33,0.21,80.0,1242.0,0.5,0.248
Aggressive,34,0.88,0.0,1242.0,0.5,0.286
Aggressive,35,0.33,0.0,1242.0,0.5,0.322
Aggressive,36,0.29,0.0,1242.0,0.5,0.355
Aggressive,37,-0.56,157.0,1399.0,0.5,0.338
Aggressive,38,1.51,0.0,1399.0,0.5,0.371
Aggressive,39,-0.18,130.0,1529.0,0.5,0.352
Aggressive,40,1.35,0.0,1529.0,0.5,0.385
Aggressive,41,-2.54,0.0,1529.0,0.5,0.365
Aggressive,42,-1.23,49.0,1578.0,0.5,0.347
Aggressive,43,0.77,173.0,1751.0,0.5,0.33
Aggressive,44,0.57,0.0,1751.0,0.5,0.363
Aggressive,45,-0.94,0.0,1751.0,0.5,0.345
Aggressive,46,-0.82,0.0,1751.0,0.5,0.328
Aggressive,47,-2.46,0.0,1751.0,0.5,0.311
Aggressive,48,-0.85,0.0,1751.0,0.5,0.296
Aggressive,49,-0.43,0.0,1751.0,0.5,0.281
Aggressive,50,-0.91,0.0,1751.0,0.5,0.267
Aggressive,51,-0.01,0.0,1751.0,0.5,0.254
Aggressive,52,-1.24,32.0,1783.0,0.5,0.241
Aggressive,53,0.33,0.0,1783.0,0.5,0.279
Aggressive,54,0.11,0.0,1783.0,0.5,0.315
Aggressive,55,0.21,0.0,1783.0,0.5,0.349
Aggressive,56,0.38,0.0,1783.0,0.5,0.382
Aggressive,57,-0.32,0.0,1783.0,0.5,0.363
Aggressive,58,0.08,0.0,1783.0,0.5,0.395
Aggressive,59,0.14,0.0,1783.0,0.5,0.425
Aggressive,60,0.19,0.0,1783.0,0.5,0.454
Aggressive,61,-0.51,0.0,1783.0,0.5,0.431
Aggressive,62,-0.28,0.0,1783.0,0.5,0.409
Aggressive,63,-1.24,0.0,1783.0,0.5,0.389
Aggressive,64,-0.24,0.0,1783.0,0.5,0.369
Aggressive,65,-0.39,57.0,1840.0,0.5,0.351
Aggressive,66,-1.48,0.0,1840.0,0.5,0.333
Aggressive,67,-0.73,165.0,2005.0,0.5,0.317
Aggressive,68,0.46,0.0,2005.0,0.5,0.351
Aggressive,69,0.35,0.0,2005.0,0.5,0.383
Aggressive,70,-1.41,0.0,2005.0,0.5,0.364
Aggressive,71,-0.88,0.0,2005.0,0.5,0.346
Aggressive,72,-1.04,0.0,2005.0,0.5,0.329
Aggressive,73,1.46,0.0,2005.0,0.5,0.362
Aggressive,74,2.0,104.0,2109.0,0.5,0.344
Aggressive,75,0.65,148.0,2257.0,0.5,0.327
Aggressive,76,1.1,0.0,2257.0,0.5,0.361
Aggressive,77,-1.39,30.0,2287.0,0.5,0.343
Aggressive,78,0.8,22.0,2309.0,0.5,0.325
Aggressive,79,-0.68,0.0,2309.0,0.5,0.309
Aggressive,80,0.03,121.0,2430.0,0.5,0.294
Aggressive,81,0.54,0.0,2430.0,0.5,0.329
Aggressive,82,1.37,166.0,2596.0,0.5,0.313
Aggressive,83,-0.48,64.0,2660.0,0.5,0.297
Aggressive,84,0.92,0.0,2660.0,0.5,0.332
Aggressive,85,-0.81,149.0,2809.0,0.5,0.315
Aggressive,86,0.07,0.0,2809.0,0.5,0.35
Aggressive,87,-0.12,0.0,2809.0,0.5,0.332
Aggressive,88,-1.54,0.0,2809.0,0.5,0.316
Aggressive,89,0.47,186.0,2995.0,0.5,0.3
Aggressive,90,-0.98,0.0,2995.0,0.5,0.285
Aggressive,91,-0.78,250.0,3245.0,0.5,0.271
Aggressive,92,0.33,0.0,3245.0,0.5,0.307
Aggressive,93,0.64,0.0,3245.0,0.5,0.342
Aggressive,94,-0.33,0.0,3245.0,0.5,0.325
Aggressive,95,-0.78,0.0,3245.0,0.5,0.308
Aggressive,96,-0.78,0.0,3245.0,0.5,0.293
Aggressive,97,0.84,51.0,3296.0,0.5,0.278
Aggressive,98,0.08,0.0,3296.0,0.5,0.314
Aggressive,99,-0.41,0.0,3296.0,0.5,0.299
Aggressive,100,-0.15,0.0,3296.0,0.5,0.284
Aggressive,101,-0.97,0.0,3296.0,0.5,0.27
Aggressive,102,-0.33,107.0,3403.0,0.5,0.256
Aggressive,103,0.56,0.0,3403.0,0.5,0.293
Aggressive,104,0.18,0.0,3403.0,0.5,0.329
Aggressive,105,0.28,115.0,3518.0,0.5,0.312
Aggressive,106,-0.17,0.0,3518.0,0.5,0.297
Aggressive,107,-1.55,83.0,3601.0,0.5,0.282
Aggressive,108,-0.75,0.0,3601.0,0.5,0.268
Aggressive,109,1.01,56.0,3657.0,0.5,0.254
Aggressive,110,-1.28,59.0,3716.0,0.5,0.242
Aggressive,111,-2.8,0.0,3716.0,0.5,0.229
Aggressive,112,0.58,0.0,3716.0,0.5,0.268
Aggressive,113,-0.16,0.0,3716.0,0.5,0.255
Aggressive,114,-3.22,0.0,3716.0,0.5,0.242
Aggressive,115,-0.72,0.0,3716.0,0.5,0.23
Aggressive,116,-1.46,71.0,3787.0,0.5,0.218
Aggressive,117,-1.47,0.0,3787.0,0.5,0.207
Aggressive,118,-0.73,0.0,3787.0,0.5,0.197
Aggressive,119,-1.42,0.0,3787.0,0.5,0.187
Aggressive,120,-1.12,20.0,3807.0,0.5,0.178
Aggressive,121,0.9,114.0,3921.0,0.5,0.169
Aggressive,122,-0.75,0.0,3921.0,0.5,0.16
Aggressive,123,-0.52,0.0,3921.0,0.5,0.152
Aggressive,124,0.33,180.0,4101.0,0.5,0.145
Aggressive,125,-1.5,162.0,4263.0,0.5,0.138
Aggressive,126,-0.58,54.0,4317.0,0.5,0.131
Aggressive,127,-2.5,0.0,4317.0,0.5,0.124
Aggressive,128,-0.97,360.0,4677.0,0.5,0.118
Aggressive,129,-1.2,117.0,4794.0,0.5,0.112
Aggressive,130,0.59,97.0,4891.0,0.5,0.106
Aggressive,131,-2.19,0.0,4891.0,0.5,0.101
Aggressive,132,-2.51,0.0,4891.0,0.5,0.096
Aggressive,133,-0.11,0.0,4891.0,0.5,0.091
Aggressive,134,-4.04,32.0,4923.0,0.5,0.087
Aggressive,135,-0.94,0.0,4923.0,0.5,0.082
Aggressive,136,-0.12,0.0,4923.0,0.5,0.078
Aggressive,137,-0.65,0.0,4923.0,0.5,0.074
Aggressive,138,-2.68,0.0,4923.0,0.5,0.071
Aggressive,139,0.12,0.0,4923.0,0.5,0.117
Aggressive,140,-0.49,0.0,4923.0,0.5,0.111
Aggressive,141,-1.54,0.0,4923.0,0.5,0.106
Aggressive,142,1.73,0.0,4923.0,0.5,0.15
Aggressive,143,-0.04,0.0,4923.0,0.5,0.143
Aggressive,144,0.71,125.0,5048.0,0.5,0.136
Aggressive,145,-1.15,59.0,5107.0,0.5,0.129
Aggressive,146,-2.23,0.0,5107.0,0.5,0.122
Aggressive,147,-0.25,0.0,5107.0,0.5,0.116
Aggressive,148,0.54,0.0,5107.0,0.5,0.161
Aggressive,149,-2.09,0.0,5107.0,0.5,0.153
Aggressive,150,0.5,0.0,5107.0,0.5,0.195
Aggressive,151,-0.57,0.0,5107.0,0.5,0.185
Aggressive,152,0.03,0.0,5107.0,0.5,0.226
Aggressive,153,0.05,66.0,5173.0,0.5,0.215
Aggressive,154,2.11,0.0,5173.0,0.5,0.254
Aggressive,155,-0.34,0.0,5173.0,0.5,0.241
Aggressive,156,0.36,0.0,5173.0,0.5,0.279
Aggressive,157,-0.23,0.0,5173.0,0.5,0.265
Aggressive,158,-1.21,0.0,5173.0,0.5,0.252
Aggressive,159,-1.12,588.0,5761.0,0.5,0.239
Aggressive,160,0.11,53.0,5814.0,0.5,0.227
Aggressive,161,-2.94,0.0,5814.0,0.5,0.216
Aggressive,162,-0.34,71.0,5885.0,0.5,0.205
Aggressive,163,0.07,116.0,6001.0,0.5,0.195
Aggressive,164,-0.15,0.0,6001.0,0.5,0.185
Aggressive,165,1.14,0.0,6001.0,0.5,0.226
Aggressive,166,-2.34,0.0,6001.0,0.5,0.215
Aggressive,167,0.35,0.0,6001.0,0.5,0.254
Aggressive,168,-1.33,0.0,6001.0,0.5,0.241
Aggressive,169,0.04,0.0,6001.0,0.5,0.279
Aggressive,170,-0.34,175.0,6176.0,0.5,0.265
Aggressive,171,-2.01,0.0,6176.0,0.5,0.252
Aggressive,172,-0.08,18.0,6194.0,0.5,0.239
Aggressive,173,-0.38,0.0,6194.0,0.5,0.227
Aggressive,174,-0.14,43.0,6237.0,0.5,0.216
Aggressive,175,-1.59,0.0,6237.0,0.5,0.205
Aggressive,176,0.06,0.0,6237.0,0.5,0.245
Aggressive,177,-1.25,0.0,6237.0,0.5,0.233
Aggressive,178,-0.03,0.0,6237.0,0.5,0.221
Aggressive,179,0.27,67.0,6304.0,0.5,0.21
Aggressive,180,0.09,452.0,6756.0,0.5,0.199
Aggressive,181,-1.2,293.0,7049.0,0.5,0.19
Aggressive,182,-0.49,0.0,7049.0,0.5,0.18
Aggressive,183,-1.58,0.0,7049.0,0.5,0.171
Aggressive,184,0.3,0.0,7049.0,0.5,0.212
Aggressive,185,-0.89,24.0,7073.0,0.5,0.202
Aggressive,186,-0.57,0.0,7073.0,0.5,0.192
Aggressive,187,0.19,390.0,7463.0,0.5,0.182
Aggressive,188,-0.95,111.0,7574.0,0.5,0.173
Aggressive,189,-0.23,264.0,7838.0,0.5,0.164
Aggressive,190,-0.22,0.0,7838.0,0.5,0.156
Aggressive,191,1.02,93.0,7931.0,0.5,0.148
Aggressive,192,-0.64,0.0,7931.0,0.5,0.141
Aggressive,193,-0.22,0.0,7931.0,0.5,0.134
Aggressive,194,0.14,0.0,7931.0,0.5,0.177
Aggressive,195,0.1,0.0,7931.0,0.5,0.218
Aggressive,196,0.29,0.0,7931.0,0.5,0.257
Aggressive,197,0.2,0.0,7931.0,0.5,0.295
Aggressive,198,-1.49,0.0,7931.0,0.5,0.28
Aggressive,199,-0.18,0.0,7931.0,0.5,0.266
Aggressive,200,-0.81,0.0,7931.0,0.5,0.253
Aggressive,201,-1.47,152.0,8083.0,0.5,0.24
Aggressive,202,0.94,209.0,8292.0,0.5,0.228
Aggressive,203,-0.42,0.0,8292.0,0.5,0.217
Aggressive,204,0.28,0.0,8292.0,0.5,0.256
Aggressive,205,0.07,0.0,8292.0,0.5,0.293
Aggressive,206,-0.49,106.0,8398.0,0.5,0.278
Aggressive,207,-0.69,0.0,8398.0,0.5,0.264
Aggressive,208,-0.14,0.0,8398.0,0.5,0.251
Aggressive,209,-1.04,0.0,8398.0,0.5,0.239
Aggressive,210,-0.79,201.0,8599.0,0.5,0.227
Aggressive,211,1.2,0.0,8599.0,0.5,0.265
Aggressive,212,-2.14,0.0,8599.0,0.5,0.252
Aggressive,213,0.16,0.0,8599.0,0.5,0.289
Aggressive,214,-0.42,0.0,8599.0,0.5,0.275
Aggressive,215,1.59,0.0,8599.0,0.5,0.311
Aggressive,216,-1.17,0.0,8599.0,0.5,0.296
Aggressive,217,-0.1,0.0,8599.0,0.5,0.281
Aggressive,218,-0.41,176.0,8775.0,0.5,0.267
Aggressive,219,-0.13,0.0,8775.0,0.5,0.254
Aggressive,220,-1.45,64.0,8839.0,0.5,0.241
Aggressive,221,0.08,0.0,8839.0,0.5,0.279
Aggressive,222,-0.33,0.0,8839.0,0.5,0.265
Aggressive,223,-0.76,0.0,8839.0,0.5,0.252
Aggressive,224,-0.57,0.0,8839.0,0.5,0.239
Aggressive,225,0.59,18.0,8857.0,0.5,0.227
Aggressive,226,-1.82,0.0,8857.0,0.5,0.216
Aggressive,227,1.46,0.0,8857.0,0.5,0.255
Aggressive,228,0.34,58.0,8915.0,0.5,0.242
Aggressive,229,0.23,0.0,8915.0,0.5,0.28
Aggressive,230,-1.11,170.0,9085.0,0.5,0.266
Aggressive,231,-2.67,0.0,9085.0,0.5,0.253
Aggressive,232,-0.65,188.0,9273.0,0.5,0.24
Aggressive,233,-0.91,0.0,9273.0,0.5,0.228
Aggressive,234,1.08,0.0,9273.0,0.5,0.267
Aggressive,235,-1.22,0.0,9273.0,0.5,0.253
Aggressive,236,-1.84,87.0,9360.0,0.5,0.241
Aggressive,237,0.46,0.0,9360.0,0.5,0.279
Aggressive,238,-0.99,0.0,9360.0,0.5,0.265
Aggressive,239,0.77,0.0,9360.0,0.5,0.302
Aggressive,240,0.28,212.0,9572.0,0.5,0.286
Aggressive,241,-2.73,0.0,9572.0,0.5,0.272
Aggressive,242,0.24,219.0,9791.0,0.5,0.259
Aggressive,243,-0.32,234.0,10025.0,0.5,0.246
Aggressive,244,-0.16,0.0,10025.0,0.5,0.233
Aggressive,245,0.82,413.0,10438.0,0.5,0.222
Aggressive,246,1.05,0.0,10438.0,0.5,0.261
Aggressive,247,-0.33,0.0,10438.0,0.5,0.248
Aggressive,248,-0.74,0.0,10438.0,0.5,0.235
Aggressive,249,-0.3,0.0,10438.0,0.5,0.223
Aggressive,250,-1.11,272.0,10710.0,0.5,0.212
ASM-Linear,1,0.09,0.0,0.0,0.05,0.05
ASM-Linear,2,-0.68,0.0,0.0,0.05,0.048
ASM-Linear,3,-0.56,0.0,0.0,0.05,0.045
ASM-Linear,4,-0.19,5.0,5.0,0.05,0.043
ASM-Linear,5,0.61,0.0,5.0,0.05,0.091
ASM-Linear,6,-0.07,0.0,5.0,0.05,0.086
ASM-Linear,7,0.03,384.0,389.0,0.05,0.082
ASM-Linear,8,-0.13,129.0,518.0,0.05,0.078
ASM-Linear,9,-0.59,292.0,810.0,0.05,0.074
ASM-Linear,10,-0.49,0.0,810.0,0.05,0.07
ASM-Linear,11,1.09,0.0,810.0,0.05,0.117
ASM-Linear,12,0.72,0.0,810.0,0.05,0.161
ASM-Linear,13,0.0,0.0,810.0,0.05,0.203
ASM-Linear,14,-0.27,0.0,810.0,0.05,0.193
ASM-Linear,15,-1.12,75.0,885.0,0.05,0.183
ASM-Linear,16,0.46,0.0,885.0,0.05,0.224
ASM-Linear,17,-0.51,99.0,984.0,0.05,0.213
ASM-Linear,18,0.01,0.0,984.0,0.05,0.252
ASM-Linear,19,1.53,0.0,984.0,0.05,0.289
ASM-Linear,20,-0.71,153.0,1137.0,0.05,0.275
ASM-Linear,21,0.68,20.0,1157.0,0.05,0.261
ASM-Linear,22,-0.77,85.0,1242.0,0.05,0.248
ASM-Linear,23,-0.57,71.0,1313.0,0.05,0.236
ASM-Linear,24,-1.56,0.0,1313.0,0.05,0.224
ASM-Linear,25,-0.39,0.0,1313.0,0.05,0.213
ASM-Linear,26,0.44,0.0,1313.0,0.05,0.252
ASM-Linear,27,-0.79,0.0,1313.0,0.05,0.24
ASM-Linear,28,-0.79,0.0,1313.0,0.05,0.228
ASM-Linear,29,0.31,0.0,1313.0,0.05,0.266
ASM-Linear,30,0.54,0.0,1313.0,0.05,0.303
ASM-Linear,31,0.02,0.0,1313.0,0.05,0.338
ASM-Linear,32,-0.47,120.0,1433.0,0.05,0.321
ASM-Linear,33,-0.16,0.0,1433.0,0.05,0.305
ASM-Linear,34,1.3,176.0,1609.0,0.05,0.29
ASM-Linear,35,0.7,0.0,1609.0,0.05,0.325
ASM-Linear,36,-0.69,0.0,1609.0,0.05,0.309
ASM-Linear,37,-0.14,0.0,1609.0,0.05,0.293
ASM-Linear,38,0.49,0.0,1609.0,0.05,0.329
ASM-Linear,39,0.1,0.0,1609.0,0.05,0.362
ASM-Linear,40,-1.11,219.0,1828.0,0.05,0.344
ASM-Linear,41,0.14,50.0,1878.0,0.05,0.327
ASM-Linear,42,-0.48,0.0,1878.0,0.05,0.311
ASM-Linear,43,0.48,93.0,1971.0,0.05,0.295
ASM-Linear,44,0.82,0.0,1971.0,0.05,0.33
ASM-Linear,45,-0.79,29.0,2000.0,0.05,0.314
ASM-Linear,46,1.33,0.0,2000.0,0.05,0.348
ASM-Linear,47,0.42,37.0,2037.0,0.05,0.331
ASM-Linear,48,0.23,0.0,2037.0,0.05,0.364
ASM-Linear,49,0.3,0.0,2037.0,0.05,0.396
ASM-Linear,50,-0.11,0.0,2037.0,0.05,0.376
ASM-Linear,51,-0.01,0.0,2037.0,0.052,0.357
ASM-Linear,52,0.76,0.0,2037.0,0.055,0.389
ASM-Linear,53,-1.53,644.0,2681.0,0.057,0.37
ASM-Linear,54,0.72,204.0,2885.0,0.059,0.352
ASM-Linear,55,0.37,0.0,2885.0,0.061,0.384
ASM-Linear,56,1.25,0.0,2885.0,0.064,0.415
ASM-Linear,57,-1.04,83.0,2968.0,0.066,0.394
ASM-Linear,58,0.21,0.0,2968.0,0.068,0.424
ASM-Linear,59,-2.24,0.0,2968.0,0.07,0.403
ASM-Linear,60,0.01,0.0,2968.0,0.073,0.433
ASM-Linear,61,-1.09,87.0,3055.0,0.075,0.411
ASM-Linear,62,0.46,0.0,3055.0,0.077,0.441
ASM-Linear,63,-0.34,30.0,3085.0,0.079,0.419
ASM-Linear,64,-0.54,0.0,3085.0,0.082,0.398
ASM-Linear,65,-1.9,0.0,3085.0,0.084,0.378
ASM-Linear,66,0.28,92.0,3177.0,0.086,0.359
ASM-Linear,67,0.26,124.0,3301.0,0.088,0.341
ASM-Linear,68,0.34,0.0,3301.0,0.09,0.374
ASM-Linear,69,-1.06,0.0,3301.0,0.093,0.355
ASM-Linear,70,0.11,0.0,3301.0,0.095,0.388
ASM-Linear,71,-2.76,39.0,3340.0,0.097,0.368
ASM-Linear,72,1.8,33.0,3373.0,0.1,0.35
ASM-Linear,73,0.63,104.0,3477.0,0.102,0.332
ASM-Linear,74,-1.42,0.0,3477.0,0.104,0.316
ASM-Linear,75,-1.99,0.0,3477.0,0.106,0.3
ASM-Linear,76,-0.6,0.0,3477.0,0.109,0.285
ASM-Linear,77,-0.72,119.0,3596.0,0.111,0.271
ASM-Linear,78,0.96,59.0,3655.0,0.113,0.257
ASM-Linear,79,0.07,0.0,3655.0,0.115,0.294
ASM-Linear,80,-1.73,0.0,3655.0,0.118,0.28
ASM-Linear,81,-1.47,0.0,3655.0,0.12,0.266
ASM-Linear,82,-0.85,0.0,3655.0,0.122,0.252
ASM-Linear,83,-2.37,0.0,3655.0,0.124,0.24
ASM-Linear,84,-0.19,0.0,3655.0,0.127,0.228
ASM-Linear,85,-1.31,0.0,3655.0,0.129,0.216
ASM-Linear,86,-0.01,131.0,3786.0,0.131,0.205
ASM-Linear,87,-2.28,65.0,3851.0,0.133,0.195
ASM-Linear,88,-0.34,0.0,3851.0,0.136,0.185
ASM-Linear,89,0.49,68.0,3919.0,0.138,0.176
ASM-Linear,90,-0.63,0.0,3919.0,0.14,0.167
ASM-Linear,91,-1.31,0.0,3919.0,0.142,0.159
ASM-Linear,92,-0.65,0.0,3919.0,0.145,0.151
ASM-Linear,93,0.02,462.0,4381.0,0.147,0.143
ASM-Linear,94,0.44,16.0,4397.0,0.149,0.136
ASM-Linear,95,-1.02,0.0,4397.0,0.151,0.129
ASM-Linear,96,0.53,24.0,4421.0,0.154,0.123
ASM-Linear,97,-1.62,0.0,4421.0,0.156,0.117
ASM-Linear,98,0.82,0.0,4421.0,0.158,0.161
ASM-Linear,99,0.79,221.0,4642.0,0.16,0.153
ASM-Linear,100,-0.14,0.0,4642.0,0.163,0.145
ASM-Linear,101,-0.53,0.0,4642.0,0.165,0.138
ASM-Linear,102,-0.44,0.0,4642.0,0.167,0.131
ASM-Linear,103,0.29,0.0,4642.0,0.169,0.175
ASM-Linear,104,-1.01,0.0,4642.0,0.172,0.166
ASM-Linear,105,-2.11,0.0,4642.0,0.174,0.158
ASM-Linear,106,0.15,0.0,4642.0,0.176,0.2
ASM-Linear,107,0.64,0.0,4642.0,0.178,0.24
ASM-Linear,108,-0.04,0.0,4642.0,0.18,0.228
ASM-Linear,109,-0.82,53.0,4695.0,0.183,0.216
ASM-Linear,110,-0.2,0.0,4695.0,0.185,0.206
ASM-Linear,111,-0.45,0.0,4695.0,0.187,0.195
ASM-Linear,112,0.36,0.0,4695.0,0.19,0.235
ASM-Linear,113,-0.13,0.0,4695.0,0.192,0.224
ASM-Linear,114,0.34,272.0,4967.0,0.194,0.213
ASM-Linear,115,-0.52,0.0,4967.0,0.196,0.202
ASM-Linear,116,0.6,177.0,5144.0,0.199,0.192
ASM-Linear,117,-0.56,8.0,5152.0,0.201,0.182
ASM-Linear,118,-0.61,0.0,5152.0,0.203,0.173
ASM-Linear,119,-1.67,0.0,5152.0,0.205,0.164
ASM-Linear,120,2.15,0.0,5152.0,0.208,0.206
ASM-Linear,121,0.16,20.0,5172.0,0.21,0.196
ASM-Linear,122,-1.19,0.0,5172.0,0.212,0.186
ASM-Linear,123,-0.85,44.0,5216.0,0.214,0.177
ASM-Linear,124,1.11,173.0,5389.0,0.217,0.168
ASM-Linear,125,0.89,83.0,5472.0,0.219,0.16
ASM-Linear,126,-1.25,0.0,5472.0,0.221,0.152
ASM-Linear,127,-0.34,0.0,5472.0,0.223,0.144
ASM-Linear,128,0.04,0.0,5472.0,0.226,0.187
ASM-Linear,129,-0.18,0.0,5472.0,0.228,0.177
ASM-Linear,130,-0.79,0.0,5472.0,0.23,0.169
ASM-Linear,131,0.49,0.0,5472.0,0.232,0.21
ASM-Linear,132,0.78,0.0,5472.0,0.234,0.25
ASM-Linear,133,-0.38,59.0,5531.0,0.237,0.237
ASM-Linear,134,-3.85,0.0,5531.0,0.239,0.225
ASM-Linear,135,-1.57,0.0,5531.0,0.241,0.214
ASM-Linear,136,-1.81,0.0,5531.0,0.243,0.203
ASM-Linear,137,0.22,30.0,5561.0,0.246,0.193
ASM-Linear,138,-1.62,0.0,5561.0,0.248,0.184
ASM-Linear,139,-1.14,42.0,5603.0,0.25,0.174
ASM-Linear,140,-1.07,0.0,5603.0,0.253,0.166
ASM-Linear,141,-0.43,0.0,5603.0,0.255,0.157
ASM-Linear,142,-0.73,0.0,5603.0,0.257,0.149
ASM-Linear,143,0.77,0.0,5603.0,0.259,0.192
ASM-Linear,144,0.21,0.0,5603.0,0.262,0.232
ASM-Linear,145,-0.95,181.0,5784.0,0.264,0.221
ASM-Linear,146,1.5,0.0,5784.0,0.266,0.26
ASM-Linear,147,0.2,374.0,6158.0,0.268,0.247
ASM-Linear,148,1.57,0.0,6158.0,0.271,0.284
ASM-Linear,149,0.59,0.0,6158.0,0.273,0.32
ASM-Linear,150,0.74,0.0,6158.0,0.275,0.354
ASM-Linear,151,-1.53,0.0,6158.0,0.277,0.336
ASM-Linear,152,0.1,0.0,6158.0,0.28,0.37
ASM-Linear,153,-1.51,0.0,6158.0,0.282,0.351
ASM-Linear,154,0.22,79.0,6237.0,0.284,0.334
ASM-Linear,155,-0.38,30.0,6267.0,0.286,0.317
ASM-Linear,156,-1.38,0.0,6267.0,0.289,0.301
ASM-Linear,157,-1.14,0.0,6267.0,0.291,0.286
ASM-Linear,158,-1.45,176.0,6443.0,0.293,0.272
ASM-Linear,159,0.19,151.0,6594.0,0.295,0.258
ASM-Linear,160,0.24,68.0,6662.0,0.298,0.245
ASM-Linear,161,0.38,0.0,6662.0,0.3,0.283
ASM-Linear,162,-0.71,0.0,6662.0,0.302,0.269
ASM-Linear,163,0.76,141.0,6803.0,0.304,0.255
ASM-Linear,164,0.71,120.0,6923.0,0.306,0.243
ASM-Linear,165,-1.25,0.0,6923.0,0.309,0.23
ASM-Linear,166,-0.08,0.0,6923.0,0.311,0.219
ASM-Linear,167,-1.3,46.0,6969.0,0.313,0.208
ASM-Linear,168,-0.65,0.0,6969.0,0.316,0.198
ASM-Linear,169,0.11,132.0,7101.0,0.318,0.188
ASM-Linear,170,2.18,0.0,7101.0,0.32,0.228
ASM-Linear,171,-1.6,82.0,7183.0,0.322,0.217
ASM-Linear,172,-0.82,0.0,7183.0,0.325,0.206
ASM-Linear,173,0.28,80.0,7263.0,0.327,0.196
ASM-Linear,174,0.81,0.0,7263.0,0.329,0.236
ASM-Linear,175,0.15,38.0,7301.0,0.331,0.224
ASM-Linear,176,-0.39,219.0,7520.0,0.334,0.213
ASM-Linear,177,-0.78,0.0,7520.0,0.336,0.202
ASM-Linear,178,0.93,0.0,7520.0,0.338,0.242
ASM-Linear,179,-0.58,0.0,7520.0,0.34,0.23
ASM-Linear,180,-3.48,0.0,7520.0,0.343,0.219
ASM-Linear,181,0.38,0.0,7520.0,0.345,0.258
ASM-Linear,182,-2.22,0.0,7520.0,0.347,0.245
ASM-Linear,183,-1.16,0.0,7520.0,0.349,0.233
ASM-Linear,184,-1.2,32.0,7552.0,0.352,0.221
ASM-Linear,185,-0.79,97.0,7649.0,0.354,0.21
ASM-Linear,186,-1.85,54.0,7703.0,0.356,0.199
ASM-Linear,187,-1.88,0.0,7703.0,0.358,0.189
ASM-Linear,188,0.67,0.0,7703.0,0.36,0.23
ASM-Linear,189,-0.49,0.0,7703.0,0.363,0.218
ASM-Linear,190,-0.03,0.0,7703.0,0.365,0.208
ASM-Linear,191,-2.16,22.0,7725.0,0.367,0.197
ASM-Linear,192,-0.09,0.0,7725.0,0.369,0.187
ASM-Linear,193,0.18,0.0,7725.0,0.372,0.228
ASM-Linear,194,0.24,0.0,7725.0,0.374,0.267
ASM-Linear,195,-2.9,0.0,7725.0,0.376,0.253
ASM-Linear,196,-0.25,0.0,7725.0,0.379,0.241
ASM-Linear,197,-0.43,0.0,7725.0,0.381,0.229
ASM-Linear,198,-0.81,420.0,8145.0,0.383,0.217
ASM-Linear,199,0.11,0.0,8145.0,0.385,0.256
ASM-Linear,200,-0.37,0.0,8145.0,0.388,0.243
ASM-Linear,201,-0.36,0.0,8145.0,0.39,0.231
ASM-Linear,202,1.44,0.0,8145.0,0.392,0.27
ASM-Linear,203,0.47,0.0,8145.0,0.394,0.306
ASM-Linear,204,0.18,0.0,8145.0,0.397,0.341
ASM-Linear,205,0.11,124.0,8269.0,0.399,0.324
ASM-Linear,206,-1.01,0.0,8269.0,0.401,0.308
ASM-Linear,207,-0.49,0.0,8269.0,0.403,0.292
ASM-Linear,208,-2.08,0.0,8269.0,0.406,0.278
ASM-Linear,209,0.83,0.0,8269.0,0.408,0.314
ASM-Linear,210,-0.16,0.0,8269.0,0.41,0.298
ASM-Linear,211,-1.23,51.0,8320.0,0.412,0.283
ASM-Linear,212,0.71,47.0,8367.0,0.415,0.269
ASM-Linear,213,-0.54,0.0,8367.0,0.417,0.256
ASM-Linear,214,0.87,0.0,8367.0,0.419,0.293
ASM-Linear,215,2.03,0.0,8367.0,0.421,0.328
ASM-Linear,216,1.49,0.0,8367.0,0.423,0.362
ASM-Linear,217,-0.79,0.0,8367.0,0.426,0.344
ASM-Linear,218,-0.82,0.0,8367.0,0.428,0.326
ASM-Linear,219,-2.22,120.0,8487.0,0.43,0.31
ASM-Linear,220,-0.3,0.0,8487.0,0.432,0.295
ASM-Linear,221,-0.57,0.0,8487.0,0.435,0.28
ASM-Linear,222,1.83,0.0,8487.0,0.437,0.316
ASM-Linear,223,-0.51,0.0,8487.0,0.439,0.3
ASM-Linear,224,0.15,0.0,8487.0,0.442,0.335
ASM-Linear,225,-3.33,0.0,8487.0,0.444,0.318
ASM-Linear,226,-0.35,0.0,8487.0,0.446,0.302
ASM-Linear,227,-0.07,0.0,8487.0,0.448,0.287
ASM-Linear,228,-0.19,0.0,8487.0,0.451,0.273
ASM-Linear,229,-2.07,107.0,8594.0,0.453,0.259
ASM-Linear,230,1.69,0.0,8594.0,0.455,0.296
ASM-Linear,231,0.18,0.0,8594.0,0.457,0.332
ASM-Linear,232,0.27,266.0,8860.0,0.46,0.315
ASM-Linear,233,0.61,0.0,8860.0,0.462,0.349
ASM-Linear,234,0.12,0.0,8860.0,0.464,0.382
ASM-Linear,235,0.44,0.0,8860.0,0.466,0.413
ASM-Linear,236,-0.96,0.0,8860.0,0.469,0.392
ASM-Linear,237,0.51,95.0,8955.0,0.471,0.372
ASM-Linear,238,-0.16,0.0,8955.0,0.473,0.354
ASM-Linear,239,-0.02,233.0,9188.0,0.475,0.336
ASM-Linear,240,-0.14,0.0,9188.0,0.477,0.319
ASM-Linear,241,-1.56,0.0,9188.0,0.48,0.303
ASM-Linear,242,-2.43,81.0,9269.0,0.482,0.288
ASM-Linear,243,-0.64,0.0,9269.0,0.484,0.274
ASM-Linear,244,1.15,0.0,9269.0,0.486,0.31
ASM-Linear,245,0.21,0.0,9269.0,0.489,0.345
ASM-Linear,246,0.44,0.0,9269.0,0.491,0.377
ASM-Linear,247,-0.3,0.0,9269.0,0.493,0.358
ASM-Linear,248,0.17,0.0,9269.0,0.495,0.391
ASM-Linear,249,-1.08,0.0,9269.0,0.498,0.371
ASM-Linear,250,-0.81,123.0,9392.0,0.5,0.352
ASM-Step,1,-0.13,0.0,0.0,0.05,0.0
ASM-Step,2,-1.26,0.0,0.0,0.05,0.0
ASM-Step,3,-0.91,0.0,0.0,0.05,0.0
ASM-Step,4,-0.13,0.0,0.0,0.05,0.0
ASM-Step,5,-0.1,72.0,72.0,0.05,0.0
ASM-Step,6,-0.77,0.0,72.0,0.05,0.0
ASM-Step,7,-0.17,0.0,72.0,0.05,0.0
ASM-Step,8,0.06,0.0,72.0,0.05,0.05
ASM-Step,9,-0.49,0.0,72.0,0.05,0.048
ASM-Step,10,-0.19,0.0,72.0,0.05,0.045
ASM-Step,11,-0.83,0.0,72.0,0.05,0.043
ASM-Step,12,-1.2,27.0,99.0,0.05,0.041
ASM-Step,13,0.3,0.0,99.0,0.05,0.089
ASM-Step,14,1.67,0.0,99.0,0.05,0.134
ASM-Step,15,-0.29,0.0,99.0,0.05,0.128
ASM-Step,16,-0.87,0.0,99.0,0.05,0.121
ASM-Step,17,1.39,0.0,99.0,0.05,0.165
ASM-Step,18,-0.2,0.0,99.0,0.05,0.157
ASM-Step,19,0.21,120.0,219.0,0.05,0.149
ASM-Step,20,-0.21,0.0,219.0,0.05,0.142
ASM-Step,21,-0.7,0.0,219.0,0.05,0.134
ASM-Step,22,-0.5,0.0,219.0,0.05,0.128
ASM-Step,23,0.38,0.0,219.0,0.05,0.171
ASM-Step,24,-0.33,0.0,219.0,0.05,0.163
ASM-Step,25,-1.08,0.0,219.0,0.05,0.155
ASM-Step,26,1.45,0.0,219.0,0.05,0.197
ASM-Step,27,0.2,0.0,219.0,0.05,0.237
ASM-Step,28,0.41,0.0,219.0,0.05,0.275
ASM-Step,29,0.67,0.0,219.0,0.05,0.311
ASM-Step,30,-0.85,0.0,219.0,0.05,0.296
ASM-Step,31,-1.94,0.0,219.0,0.05,0.281
ASM-Step,32,0.2,0.0,219.0,0.05,0.317
ASM-Step,33,-0.13,0.0,219.0,0.05,0.301
ASM-Step,34,-0.28,66.0,285.0,0.05,0.286
ASM-Step,35,0.38,0.0,285.0,0.05,0.322
ASM-Step,36,0.32,0.0,285.0,0.05,0.356
ASM-Step,37,1.38,47.0,332.0,0.05,0.338
ASM-Step,38,-0.19,25.0,357.0,0.05,0.321
ASM-Step,39,1.12,0.0,357.0,0.05,0.355
ASM-Step,40,-0.76,91.0,448.0,0.05,0.337
ASM-Step,41,0.51,115.0,563.0,0.05,0.32
ASM-Step,42,1.4,0.0,563.0,0.05,0.354
ASM-Step,43,0.44,0.0,563.0,0.05,0.387
ASM-Step,44,-1.87,0.0,563.0,0.05,0.367
ASM-Step,45,1.13,0.0,563.0,0.05,0.399
ASM-Step,46,-0.22,0.0,563.0,0.05,0.379
ASM-Step,47,0.43,0.0,563.0,0.05,0.41
ASM-Step,48,-0.0,0.0,563.0,0.05,0.39
ASM-Step,49,0.95,338.0,901.0,0.05,0.37
ASM-Step,50,-0.35,0.0,901.0,0.05,0.352
ASM-Step,51,0.29,316.0,1217.0,0.163,0.334
ASM-Step,52,0.41,82.0,1299.0,0.163,0.317
ASM-Step,53,0.13,0.0,1299.0,0.163,0.351
ASM-Step,54,0.33,262.0,1561.0,0.163,0.334
ASM-Step,55,-0.07,0.0,1561.0,0.163,0.317
ASM-Step,56,-0.65,0.0,1561.0,0.163,0.301
ASM-Step,57,-0.22,160.0,1721.0,0.163,0.286
ASM-Step,58,-1.02,0.0,1721.0,0.163,0.272
ASM-Step,59,0.08,0.0,1721.0,0.163,0.308
ASM-Step,60,-0.06,0.0,1721.0,0.163,0.293
ASM-Step,61,-0.11,58.0,1779.0,0.163,0.278
ASM-Step,62,-0.06,0.0,1779.0,0.163,0.264
ASM-Step,63,1.57,0.0,1779.0,0.163,0.301
ASM-Step,64,0.07,0.0,1779.0,0.163,0.336
ASM-Step,65,-0.5,0.0,1779.0,0.163,0.319
ASM-Step,66,-1.86,0.0,1779.0,0.163,0.303
ASM-Step,67,0.51,158.0,1937.0,0.163,0.288
ASM-Step,68,-1.17,0.0,1937.0,0.163,0.274
ASM-Step,69,0.9,0.0,1937.0,0.163,0.31
ASM-Step,70,-0.38,5.0,1942.0,0.163,0.295
ASM-Step,71,1.56,0.0,1942.0,0.163,0.33
ASM-Step,72,-1.96,0.0,1942.0,0.163,0.313
ASM-Step,73,2.4,0.0,1942.0,0.163,0.348
ASM-Step,74,1.3,0.0,1942.0,0.163,0.38
ASM-Step,75,0.27,0.0,1942.0,0.163,0.411
ASM-Step,76,0.07,53.0,1995.0,0.275,0.391
ASM-Step,77,0.63,0.0,1995.0,0.163,0.421
ASM-Step,78,0.04,0.0,1995.0,0.275,0.45
ASM-Step,79,-0.09,0.0,1995.0,0.275,0.428
ASM-Step,80,-0.18,0.0,1995.0,0.275,0.406
ASM-Step,81,-0.02,32.0,2027.0,0.275,0.386
ASM-Step,82,-0.87,0.0,2027.0,0.163,0.367
ASM-Step,83,0.38,0.0,2027.0,0.163,0.398
ASM-Step,84,0.36,0.0,2027.0,0.163,0.428
ASM-Step,85,0.18,0.0,2027.0,0.275,0.457
ASM-Step,86,0.08,0.0,2027.0,0.275,0.484
ASM-Step,87,0.49,0.0,2027.0,0.275,0.51
ASM-Step,88,0.55,0.0,2027.0,0.275,0.534
ASM-Step,89,-1.0,192.0,2219.0,0.275,0.508
ASM-Step,90,-0.39,0.0,2219.0,0.275,0.482
ASM-Step,91,-1.5,0.0,2219.0,0.275,0.458
ASM-Step,92,-0.05,0.0,2219.0,0.275,0.435
ASM-Step,93,-0.87,267.0,2486.0,0.275,0.414
ASM-Step,94,-0.74,0.0,2486.0,0.275,0.393
ASM-Step,95,1.28,0.0,2486.0,0.163,0.423
ASM-Step,96,-1.59,164.0,2650.0,0.275,0.402
ASM-Step,97,-1.39,237.0,2887.0,0.275,0.382
ASM-Step,98,-0.48,285.0,3172.0,0.163,0.363
ASM-Step,99,0.25,0.0,3172.0,0.163,0.395
ASM-Step,100,-0.09,0.0,3172.0,0.163,0.375
ASM-Step,101,-1.14,0.0,3172.0,0.163,0.356
ASM-Step,102,-2.04,0.0,3172.0,0.163,0.338
ASM-Step,103,0.16,0.0,3172.0,0.163,0.371
ASM-Step,104,0.49,60.0,3232.0,0.163,0.353
ASM-Step,105,-3.01,0.0,3232.0,0.163,0.335
ASM-Step,106,-1.46,0.0,3232.0,0.163,0.318
ASM-Step,107,0.41,0.0,3232.0,0.163,0.353
ASM-Step,108,0.64,146.0,3378.0,0.163,0.335
ASM-Step,109,0.15,0.0,3378.0,0.163,0.368
ASM-Step,110,-1.23,0.0,3378.0,0.163,0.35
ASM-Step,111,-0.2,0.0,3378.0,0.163,0.332
ASM-Step,112,0.29,88.0,3466.0,0.163,0.316
ASM-Step,113,-1.18,41.0,3507.0,0.163,0.3
ASM-Step,114,1.68,106.0,3613.0,0.163,0.285
ASM-Step,115,-0.76,0.0,3613.0,0.163,0.271
ASM-Step,116,-0.33,0.0,3613.0,0.163,0.257
ASM-Step,117,0.17,299.0,3912.0,0.163,0.244
ASM-Step,118,-0.09,0.0,3912.0,0.163,0.232
ASM-Step,119,-0.8,0.0,3912.0,0.163,0.22
ASM-Step,120,1.44,0.0,3912.0,0.163,0.259
ASM-Step,121,0.01,0.0,3912.0,0.163,0.296
ASM-Step,122,-1.22,0.0,3912.0,0.163,0.282
ASM-Step,123,-1.21,0.0,3912.0,0.163,0.268
ASM-Step,124,0.47,0.0,3912.0,0.163,0.304
ASM-Step,125,-0.21,0.0,3912.0,0.163,0.289
ASM-Step,126,-0.59,0.0,3912.0,0.163,0.275
ASM-Step,127,0.14,0.0,3912.0,0.163,0.311
ASM-Step,128,-0.41,0.0,3912.0,0.163,0.295
ASM-Step,129,0.66,0.0,3912.0,0.163,0.33
ASM-Step,130,-1.2,0.0,3912.0,0.163,0.314
ASM-Step,131,2.44,0.0,3912.0,0.163,0.348
ASM-Step,132,-0.98,0.0,3912.0,0.163,0.331
ASM-Step,133,-0.08,0.0,3912.0,0.163,0.314
ASM-Step,134,0.38,132.0,4044.0,0.163,0.299
ASM-Step,135,-0.44,0.0,4044.0,0.163,0.284
ASM-Step,136,-0.48,0.0,4044.0,0.163,0.269
ASM-Step,137,-0.34,0.0,4044.0,0.163,0.256
ASM-Step,138,0.29,0.0,4044.0,0.163,0.293
ASM-Step,139,0.37,0.0,4044.0,0.163,0.329
ASM-Step,140,-0.07,0.0,4044.0,0.163,0.312
ASM-Step,141,-0.66,0.0,4044.0,0.163,0.297
ASM-Step,142,0.51,0.0,4044.0,0.163,0.332
ASM-Step,143,-0.99,214.0,4258.0,0.163,0.315
ASM-Step,144,-1.24,0.0,4258.0,0.163,0.299
ASM-Step,145,0.42,0.0,4258.0,0.163,0.334
ASM-Step,146,1.56,101.0,4359.0,0.163,0.318
ASM-Step,147,-0.51,0.0,4359.0,0.163,0.302
ASM-Step,148,-1.1,76.0,4435.0,0.163,0.287
ASM-Step,149,-0.0,0.0,4435.0,0.163,0.272
ASM-Step,150,1.28,0.0,4435.0,0.163,0.309
ASM-Step,151,-0.6,370.0,4805.0,0.163,0.293
ASM-Step,152,-1.9,0.0,4805.0,0.163,0.279
ASM-Step,153,-0.03,0.0,4805.0,0.163,0.265
ASM-Step,154,0.07,105.0,4910.0,0.163,0.251
ASM-Step,155,-0.97,0.0,4910.0,0.163,0.239
ASM-Step,156,-0.48,102.0,5012.0,0.163,0.227
ASM-Step,157,-0.81,0.0,5012.0,0.163,0.216
ASM-Step,158,-1.6,0.0,5012.0,0.163,0.205
ASM-Step,159,-0.6,287.0,5299.0,0.163,0.195
ASM-Step,160,-0.7,0.0,5299.0,0.05,0.185
ASM-Step,161,-0.44,0.0,5299.0,0.05,0.176
ASM-Step,162,0.16,10.0,5309.0,0.05,0.167
ASM-Step,163,-1.02,0.0,5309.0,0.05,0.158
ASM-Step,164,0.49,0.0,5309.0,0.05,0.201
ASM-Step,165,-0.77,0.0,5309.0,0.163,0.191
ASM-Step,166,-0.53,48.0,5357.0,0.05,0.181
ASM-Step,167,-0.03,51.0,5408.0,0.05,0.172
ASM-Step,168,-0.97,23.0,5431.0,0.05,0.163
ASM-Step,169,-1.77,22.0,5453.0,0.05,0.155
ASM-Step,170,-0.75,0.0,5453.0,0.05,0.147
ASM-Step,171,-0.37,0.0,5453.0,0.05,0.14
ASM-Step,172,-1.1,0.0,5453.0,0.05,0.133
ASM-Step,173,-0.48,0.0,5453.0,0.05,0.126
ASM-Step,174,0.27,0.0,5453.0,0.05,0.17
ASM-Step,175,1.88,102.0,5555.0,0.05,0.162
ASM-Step,176,-1.55,0.0,5555.0,0.05,0.154
ASM-Step,177,-0.19,0.0,5555.0,0.05,0.146
ASM-Step,178,-0.56,156.0,5711.0,0.05,0.139
ASM-Step,179,0.2,61.0,5772.0,0.05,0.132
ASM-Step,180,0.11,0.0,5772.0,0.05,0.175
ASM-Step,181,-0.75,0.0,5772.0,0.05,0.166
ASM-Step,182,-0.09,42.0,5814.0,0.05,0.158
ASM-Step,183,-0.53,0.0,5814.0,0.05,0.15
ASM-Step,184,-0.48,0.0,5814.0,0.05,0.143
ASM-Step,185,0.13,0.0,5814.0,0.05,0.185
ASM-Step,186,1.45,0.0,5814.0,0.05,0.226
ASM-Step,187,0.11,193.0,6007.0,0.163,0.215
ASM-Step,188,-0.11,52.0,6059.0,0.163,0.204
ASM-Step,189,0.14,53.0,6112.0,0.163,0.194
ASM-Step,190,0.34,0.0,6112.0,0.05,0.234
ASM-Step,191,-0.14,0.0,6112.0,0.163,0.222
ASM-Step,192,-1.62,0.0,6112.0,0.163,0.211
ASM-Step,193,-0.61,0.0,6112.0,0.163,0.201
ASM-Step,194,0.14,0.0,6112.0,0.163,0.241
ASM-Step,195,0.54,0.0,6112.0,0.163,0.279
ASM-Step,196,-1.04,0.0,6112.0,0.163,0.265
ASM-Step,197,-0.33,263.0,6375.0,0.163,0.252
ASM-Step,198,-0.27,0.0,6375.0,0.163,0.239
ASM-Step,199,-1.02,0.0,6375.0,0.163,0.227
ASM-Step,200,-0.4,0.0,6375.0,0.163,0.216
ASM-Step,201,-0.45,0.0,6375.0,0.163,0.205
ASM-Step,202,-0.44,22.0,6397.0,0.163,0.195
ASM-Step,203,0.02,0.0,6397.0,0.05,0.235
ASM-Step,204,-1.74,240.0,6637.0,0.163,0.223
ASM-Step,205,-0.44,0.0,6637.0,0.163,0.212
ASM-Step,206,-0.93,0.0,6637.0,0.163,0.201
ASM-Step,207,0.3,0.0,6637.0,0.163,0.241
ASM-Step,208,-0.51,0.0,6637.0,0.163,0.229
ASM-Step,209,-2.44,0.0,6637.0,0.163,0.218
ASM-Step,210,0.4,0.0,6637.0,0.163,0.257
ASM-Step,211,-0.08,0.0,6637.0,0.163,0.244
ASM-Step,212,0.02,0.0,6637.0,0.163,0.282
ASM-Step,213,0.39,378.0,7015.0,0.163,0.268
ASM-Step,214,-0.91,99.0,7114.0,0.163,0.254
ASM-Step,215,0.37,313.0,7427.0,0.163,0.242
ASM-Step,216,-1.46,0.0,7427.0,0.163,0.23
ASM-Step,217,-0.0,0.0,7427.0,0.163,0.218
ASM-Step,218,1.32,0.0,7427.0,0.163,0.257
ASM-Step,219,1.67,0.0,7427.0,0.163,0.294
ASM-Step,220,0.89,25.0,7452.0,0.163,0.28
ASM-Step,221,0.24,85.0,7537.0,0.163,0.266
ASM-Step,222,-0.97,598.0,8135.0,0.163,0.252
ASM-Step,223,-0.73,86.0,8221.0,0.163,0.24
ASM-Step,224,-0.55,0.0,8221.0,0.163,0.228
ASM-Step,225,-0.55,0.0,8221.0,0.163,0.216
ASM-Step,226,0.12,0.0,8221.0,0.163,0.256
ASM-Step,227,0.44,269.0,8490.0,0.163,0.243
ASM-Step,228,-0.05,0.0,8490.0,0.163,0.231
ASM-Step,229,-0.57,74.0,8564.0,0.163,0.219
ASM-Step,230,-1.16,157.0,8721.0,0.163,0.208
ASM-Step,231,0.26,623.0,9344.0,0.163,0.198
ASM-Step,232,0.24,0.0,9344.0,0.05,0.238
ASM-Step,233,0.25,138.0,9482.0,0.163,0.226
ASM-Step,234,0.04,0.0,9482.0,0.163,0.265
ASM-Step,235,-1.35,153.0,9635.0,0.163,0.251
ASM-Step,236,1.79,0.0,9635.0,0.163,0.289
ASM-Step,237,-0.26,0.0,9635.0,0.163,0.274
ASM-Step,238,-1.31,158.0,9793.0,0.163,0.261
ASM-Step,239,0.55,0.0,9793.0,0.163,0.298
ASM-Step,240,-0.37,0.0,9793.0,0.163,0.283
ASM-Step,241,0.12,0.0,9793.0,0.163,0.319
ASM-Step,242,-0.49,0.0,9793.0,0.163,0.303
ASM-Step,243,-0.07,0.0,9793.0,0.163,0.288
ASM-Step,244,2.04,0.0,9793.0,0.163,0.323
ASM-Step,245,-0.07,0.0,9793.0,0.163,0.307
ASM-Step,246,-0.18,0.0,9793.0,0.163,0.292
ASM-Step,247,-0.0,0.0,9793.0,0.163,0.277
ASM-Step,248,0.41,230.0,10023.0,0.163,0.263
ASM-Step,249,-0.14,0.0,10023.0,0.163,0.25
ASM-Step,250,0.33,272.0,10295.0,0.163,0.238
